title,title_alternative1,title_alternative2,rating,votes,type_serie,cover,state,followers,categories,related,episodes,description,reactions_like,reactions_funny,reactions_love,reactions_surprise,reactions_angry,reactions_sad,reactions_total
Shounen Maid,none,none,4.6,246,ANIME,https://www3.animeflv.net/uploads/animes/covers/2450.jpg,FINALIZADO,1941,Comedia|Recuentos de la vida|Shoujo,,12.0,"Hihiro Komiya es un enérgico estudiante de colegio que vive con su madre. A él se le dan muy bien las tares del hogar, y el lema de su madre es, Sin trabajo, no hay comida. Tras el repentino fallecimiento de su madre, un hombre que dice ser su tío, Madoka Taketori, le invita a vivir con él. Chihiro le rechaza en un principio, pero cuando ve el desastre que tiene por casa, comienza a limpiarla. Entonces, Madoka le ofrece un trato: si va a vivir con él, a cambio el joven se encargará de la limpieza. Chihiro acepta el trato, pero, de repente, se ve vestido como una maid.",12,2,79,1,1,1,96
Anne Happy♪,none,none,4.7,218,ANIME,https://www3.animeflv.net/uploads/animes/covers/2448.jpg,FINALIZADO,1237,Comedia|Escolares|Recuentos de la vida,,12.0,"La historia está protagonizada por la clase 1-7 de la Academia Tennogofune, donde se reúnen todos los estudiantes con “mal karma” o mala suerte. Hibari, que estudia en esta clase, conoce a la desafortunada Hanako y a la siempre enferma Botan en su primer día de clase, y juntas intentarán convertir su vida escolar en una vida feliz.",11,4,40,0,0,0,55
Onigiri,none,none,4.3,45,ANIME,https://www3.animeflv.net/uploads/animes/covers/2445.jpg,FINALIZADO,616,Comedia|Fantasía|Sobrenatural,,13.0,,6,1,12,2,2,1,24
Bungou Stray Dogs,none,none,4.7,2089,ANIME,https://www3.animeflv.net/uploads/animes/covers/2446.jpg,FINALIZADO,32614,Acción|Comedia|Misterio|Seinen|Sobrenatural,Bungou Stray Dogs 2nd Season (Secuela),12.0,"La historia está protagonizada por una liga de figuras literarias con poderes sobrenaturales, como Ryunosuke Akutagawa, que en la vida real escribió varias novelas y en el manga tiene el poder de transformar su capa en una especie de monstruo. Él y sus compañeros escritores se dedicarán a resolver misterios como parte de la “Agencia Armada de Detectives”. Otros autores japoneses que aparecen en la obra son Rampo Edogawa, Kenji Miyazawa, Osamu Dazai, Atsushi Nakajima, Akiko Yoshino, Yukito Ayatsuji(Another),Natsuhiko Kyogoku (Loups-Garous), Agatha Christie o Dan Brown.",204,62,2044,38,24,18,2390
Phantom of the Kill: Zero kara no Hangyaku,none,none,4.2,115,PELÍCULA,https://www3.animeflv.net/uploads/animes/covers/2618.jpg,FINALIZADO,1089,Acción|Aventuras|Fantasía,,1.0,"Este filme es parte de una gran campaña publicitaria llamada “Project Zero”, que también incluirá próximamente una experiencia de realidad virtual, una novela ligera el 26 de diciembre escrita por Takaaki Kaima e ilustrada por Mai.E, una figura de un personaje para este verano, un álbum con la banda sonora para el 24 de diciembre, y un libro de arte.",22,2,20,7,3,2,56
Kuromukuro,none,none,4.6,349,ANIME,https://www3.animeflv.net/uploads/animes/covers/2447.jpg,FINALIZADO,1963,Acción|Ciencia Ficción|Mecha,,26.0,"La historia de la serie se desarrolla en una institución de investigación robótica situada cerca de la famosa Represa de Kurobe de la Prefectura de Toyama en verano de 2016. Durante la construcción original de la presa se descubrió un antiguo artefacto, con lo que se creó el Instituto de Investigación de Kurobe de las Naciones Unidas para su estudio. Intelectuales de todo el mundo se reunieron en el lugar para estudiar el objeto, y los hijos de esos intelectuales dan clases en un instituto especial en el Monte Tate, incluyendo la hija del director del instituto. La historia dará comienzo cuando cierto samurái solitario despierte de nuevo.",15,2,56,6,0,1,80
Netoge no Yome wa Onnanoko ja Nai to Omotta?,none,none,4.5,1459,ANIME,https://www3.animeflv.net/uploads/animes/covers/2449.jpg,FINALIZADO,18428,Comedia|Ecchi|Escolares|Juegos|Romance,,12.0,"Hideki Nishimura es un joven que se confesó a quien creía que era una chica en Internet, pero resultó ser un chico. Este hecho le marcó y lo guarda como un angustioso recuerdo que no cuenta a nadie por lo que juró no creer nunca más a nadie en Internet. Sin embargo, un día una joven de Internet se le confiesa a él, y resulta ser una hermosa muchacha llamada Ako Tamaki. Ako no sabe distinguir la realidad del mundo online, es bastante solitaria y tiene graves problemas de comunicación. Así pues, Hideki y sus amigos de la guild trabajarán juntos para ayudarla.",111,39,590,6,10,2,758
Sousei no Onmyouji,none,none,4.7,2581,ANIME,https://www3.animeflv.net/uploads/animes/covers/2441.jpg,FINALIZADO,20198,Acción|Fantasía|Shounen|Sobrenatural,,50.0,"Rokuro procede de una familia de exorcistas, aunque preferiría ser futbolista, cantante o cualquier otra cosa antes que exorcista. Sin embargo la llegada de una chica llamada Benio despierta su espíritu competitivo y decide aprovechar su potencial como exorcista. Al final, al trabajar juntos se ganan el título de “Exorcistas de las Estrellas Gemelas”, y estarán destinados a casarse para tener un hijo que será el guerrero espiritual definitivo.",139,20,857,26,5,11,1058
Super Lovers,none,none,4.5,958,ANIME,https://www3.animeflv.net/uploads/animes/covers/2444.jpg,FINALIZADO,8615,Comedia|Drama|Recuentos de la vida|Romance|Yaoi,Super Lovers 2 (Secuela)|Super Lovers OVA (Secuela),10.0,"La historia de Super Lovers está protagonizada por un chico de instituto llamado Haru y su madre, que viven en el extranjero. Su madre le ordena que cuide y “civilice” a su hermano adoptivo Ren, un joven salvaje al que no le gusta hablar con las personas. Aunque su relación al inicio no es precisamente un camino de rosas, al ir madurando comienzan a comprenderse el uno al otro.",105,19,1516,23,38,15,1716
Bishoujo Yuugi Unit Crane Game Girls,none,none,2.6,38,ANIME,https://www3.animeflv.net/uploads/animes/covers/2443.jpg,FINALIZADO,62,Comedia|Espacial|Juegos,Bishoujo Yuugi Unit Crane Game Girls Galaxy (Secuela),13.0,,3,0,0,1,2,1,7
Hakuouki: Otogisoushi,none,none,4.1,45,ANIME,https://www3.animeflv.net/uploads/animes/covers/2439.jpg,PROXIMAMENTE,401,Fantasía|Historico|Josei|Samurai,Hakuouki: Shinsengumi Kitan (Historia Principal),0.0,,10,3,42,5,10,8,78
Seisen Cerberus: Ryuukoku no Fatalite,none,none,3.9,322,ANIME,https://www3.animeflv.net/uploads/animes/covers/2436.jpg,FINALIZADO,4205,Aventuras|Fantasía,,13.0,"La historia se desarrolla en un continente regido por la magia y la espada llamado Kunaan en el que el equilibrio de poder entre el Reino Sagrado de Amoria, el Reino de Ishilfen, y el Reino de Vanrodis supone una paz tan frágil e inestable que la más mínima tragedia en alguno de los reinos podría desatar la guerra total en el continente. Otra cuarta fuerza, el dragón maligno Daganzord, reside también en el continente, aunque nadie tiene poder suficiente para detenerle y evitar que siga haciendo arder la tierra allá por donde pasa. Dos personas, Bairo y Kismitete, llevaron a cabo un ritual junto a un grupo de magos para sellar a Daganzord, pero sus intentos se vieron frustrados. Este evento se conoce como la Tragedia de Balbagoa. Hiiro, hijo de Bairo y Kismitete, sobrevive gracias a Giruu, y Hiiro jura vengar la muerte de sus padres, con lo que se dedica a entrenar con la espada. Cuando cumple 16 años, parte en un viaje para asesinar al dragón acompañado por Giruu, quien se opone. Por el camino conocerán a todo tipo de personas e irán sumando compañeros a su misión.",31,2,59,4,13,3,112
Hundred,none,none,4.6,1239,ANIME,https://www3.animeflv.net/uploads/animes/covers/2438.jpg,FINALIZADO,14612,Acción|Ciencia Ficción|Ecchi|Escolares|Harem|Mecha|Romance,,12.0,"La historia de acción y combates de ciencia ficción está protagonizada por los Hundred, las únicas armas que pueden enfrentarse a las misteriosas formas de vida llamadas Savage que atacan la Tierra. para convertirse en un Maestro de las Artes Militares entrenado en el uso de los Hundred, el protagonista, Hayato Kisaragi, se une a la ciudad-barco academia Little Garden. Allí se encuentra con una chica llamada Emil Crossford que afirma que estaba deseando verle y con quien compartirá cuarto, además de que parece que le conoce de alguna parte. Por si no tenía suficiente, recibe un reto de la “Reina”, la más poderosa estudiante, Claire Harvey.",78,17,355,12,5,4,471
Bakuon!!,none,none,4.6,134,ANIME,https://www3.animeflv.net/uploads/animes/covers/2435.jpg,FINALIZADO,1178,Comedia|Recuentos de la vida|Seinen,,12.0,,6,3,38,1,0,2,50
Joker Game,none,none,4.7,201,ANIME,https://www3.animeflv.net/uploads/animes/covers/2440.jpg,FINALIZADO,1768,Drama|Historico|Militar,,12.0,"La historia se desarrolla en 1937, en la Segunda Guerra Mundial. El teniente coronel Yuki del Ejército Imperial de Japón crea la “Agencia D”, un equipo de inteligencia bajo su mando y tutela. El Estado Mayor del Ejército asigna al teniente Sakuma la misión de observar el rendimiento de la unidad. La Agencia D despliega una amplia red para encontrar agentes más allá del personal del ejército japonés y Yuki establece principios que van en contra de las doctrinas del Ejército Imperial: “No mates, que no te maten, que no te capturen”. Así, Yuki entrena a un grupo de operativos que llevarán a cabo misiones contra fuerzas nacionales y extranjeras.",6,0,21,0,0,0,27
Re:Zero kara Hajimeru Isekai Seikatsu,none,none,4.6,5561,ANIME,https://www3.animeflv.net/uploads/animes/covers/2433.jpg,FINALIZADO,32448,Drama|Fantasía|Psicológico|Suspenso,Re:Zero kara Hajimeru Isekai Seikatsu - Memory Snow (Historia Paralela)|Re:Zero kara Hajimeru Isekai Seikatsu 2nd Season (Secuela),25.0,"En la historia, Subaru Natsuki es un estudiante corriente de instituto que se pierde en un mundo alternativo, donde una preciosa chica de pelo plateado lo rescata. Para devolverle el favor decide quedarse con ella, pero el destino con el que carga la muchacha es mucho más pesado de lo que Subaru puede imaginar. Los enemigos atacan sin descanso, uno tras otro, hasta que finalmente mueren tanto él como la chica. Es entonces cuando Subaru descubre que tiene el poder de dar marcha atrás en el tiempo y volver al inicio de la historia, al punto en el que llegó al mundo desconocido. El problema es que él es el único que recuerda lo ocurrido.",198,32,1108,44,26,28,1436
Kaitou Joker 3rd Season,none,none,3.8,18,ANIME,https://www3.animeflv.net/uploads/animes/covers/2434.jpg,FINALIZADO,74,Aventuras|Comedia|Misterio|Shounen,Kaitou Joker 2nd Season (Precuela)|Kaitou Joker 4th Season (Secuela),13.0,,1,0,6,1,0,0,8
12-sai.: Chicchana Mune no Tokimeki,none,none,4.6,211,ANIME,https://www3.animeflv.net/uploads/animes/covers/2437.jpg,FINALIZADO,2123,Escolares|Romance|Shoujo,12-Sai. Chiccha na Mune no Tokimeki 2nd Season (Secuela),12.0,"La historia comienza con Hanabi, una niña de sexto grado que no es ni una adulta ni una niña. Ella se ocupa de cuestiones tales como presenciar accidentalmente los besos de su maestra, y preocupándose por experimentar cambios fisiológicos antes de sus amigos. La serie representa preocupaciones inocentes de una niña de 12 años de edad, y el primer amor.",10,3,111,2,3,1,130
Kidou Senshi Gundam Unicorn RE:0096,none,none,4.6,63,ANIME,https://www3.animeflv.net/uploads/animes/covers/2427.jpg,FINALIZADO,327,Acción|Ciencia Ficción|Drama|Espacial|Mecha|Militar,Mobile Suit Gundam Unicorn (Resumen),22.0,"Han pasado 3 años desde la Segunda Guerra de Neo Zeon y en un acontecimiento sin precedentes, Syam Vist junto a su nieto Cardeas Vist y cabeza de la Fundación Vist planean entregar el objeto que encontró en las ruinas de Laplace a comienzos del Universal Century a los remanentes de Zeon, dicho objeto ahora es conocido como la Caja de Laplace. Si la Caja es puesta en manos de Zeon podría significar la caída del gobierno de la Federación. En medio de todo esto, la vida de un muchacho llamado Banagher Links cambiará para siempre cuando, en un encuentro confuso, cruce su camino con una joven llamada Audrey Burne y obligado por las circunstancias, se convierta en el piloto de la llave para abrir la caja, el Gundam Unicorn.",1,1,10,0,0,0,12
Kuma Miko,none,none,4.4,158,ANIME,https://www3.animeflv.net/uploads/animes/covers/2432.jpg,FINALIZADO,1240,Comedia|Recuentos de la vida|Seinen,Kuma Miko Specials (Historia Paralela),12.0,"La historia cómica está protagonizada por Machi Amayadori, una joven de 14 años que vive en una zona rural de Tohoku y cuyo mejor amigo de la infancia es Natsu… un oso que habla. Con la ayuda de su fiel amigo, Natsu intenta prepararse para su próxima vida en la ciudad.",11,1,6,1,1,1,21
Boku no Hero Academia,none,none,4.6,6512,ANIME,https://www3.animeflv.net/uploads/animes/covers/2430.jpg,FINALIZADO,73543,Acción|Comedia|Escolares|Shounen|Superpoderes,Boku no Hero Academia 2nd Season (Secuela),15.0,"Las personas no nacen igual. El protagonista de esta historia es uno de esos casos raros que nacen sin superpoderes, pero esto no le impedirá perseguir su sueño: ser un gran héroe como el legendario All-Might. Para convertirse en el héroe que quiere ser, se apuntará a una de las academias de héroes más prestigiosas del país: Yueiko. Con la ayuda de su ídolo, All-Might, ¿podrá convertirse en un verdadero héroe?",2780,469,13429,378,258,186,17500
Pan de Peace!,none,none,4.3,61,ANIME,https://www3.animeflv.net/uploads/animes/covers/2431.jpg,FINALIZADO,358,Comedia|Escolares|Recuentos de la vida,,13.0,"La serie está protagonizada por Minami, una chica un tanto cabezahueca que acaba de comenzar el instituto y que adora comer pan para desayunar. Las cosas horneadas son para ella la felicidad máxima, y entre sus compañeros están el confiable Yu, la pastelera Fuyumi y la independiente Noa.",4,0,11,2,0,1,18
Macross Δ,none,none,4.5,216,ANIME,https://www3.animeflv.net/uploads/animes/covers/2354.jpg,FINALIZADO,1446,Acción|Ciencia Ficción|Espacial|Mecha|Militar|Música|Romance,Macross Frontier (Precuela),26.0,"Cinco chicas conformarán la “Unidad Táctica de Sonido” Walküre, el que será el primer gran grupo exclusivamente femenino de la franquicia. El grupo Walküre luchará contra el Var Syndrome que está consumiendo la galaxia, apareciendo también el misterioso equipo de Valquirias conocido como los Caballeros Aéreos del Reino del Viento.",9,0,49,3,0,0,61
Ragnastrike Angels,none,none,3.7,211,ANIME,https://www3.animeflv.net/uploads/animes/covers/2426.jpg,PROXIMAMENTE,772,Acción,,0.0,La serie trata sobre chicas de un tamaño de 38 metros peleando.,34,55,77,13,76,12,267
Endride,none,none,4.2,154,ANIME,https://www3.animeflv.net/uploads/animes/covers/2429.jpg,FINALIZADO,3089,Aventuras|Fantasía,,24.0,"La historia se desarrollará en Endra, un mundo desconocido bajo la superficie de la Tierra. Es un mundo completamente diferente en el que la gigante Adamas brilla en lo alto. Shun Asanaga es un estudiante de secundaria corriente de quince años, pero muy positivo, y que vive en la “Tierra de arriba”. Ha descubierto un misterioso cristal en la compañía de investigación científicia de su padre, y cuando lo toca, se transporta a Endra. Allí conoce al príncipe Emirio, que odia al Rey Deurzai y acaba de cumplir los 16 años. Tiene edad para ascender al trono y blande un arma para poder buscar venganza, pero la diferencia de fuerza entre él y el rey al que odia, es insuperable para él. Capturado y hecho prisionero por Deruzain, Emirio ha perdido la esperanza. En ese momento, los muros de la prisión se distorsiona y Shun aparece entre ellos. Dos jóvenes que viven en Endra: uno que quiere volver a su antiguo mundo y uno que busca venganza.",24,2,39,2,4,0,71
Jojo no Kimyou na Bouken: Diamond wa Kudakenai,none,none,4.5,1871,ANIME,https://www3.animeflv.net/uploads/animes/covers/2422.jpg,FINALIZADO,8829,Acción|Aventuras|Comedia|Drama|Shounen|Sobrenatural,Jojo's Bizarre Adventure: Stardust Crusaders 2nd Season (Precuela)|JoJo no Kimyou na Bouken: Ougon no Kaze (Secuela),39.0,"Han pasado 11 años desde la derrota de Dio, el archienemigo de los Joestar. En 1999, Jotaro Kujo fue hasta Morioh, en la ciudad S de la Prefectura M, en Japón, para encontrar el hijo secreto de su abuelo Joseph Joestar, Josuke Higashikata. Sin embargo, Josuke posee la misma habilidad que Jotaro: el Stand. Como si Jotaro los hubiera invocado, un nuevo grupo de usuarios de Stands comienza a actuar. Hay algo en esta ciudad... Josuke actuará para salvar Morioh, la ciudad en la que nació y creció.",133,33,775,21,12,14,988
Terra Formars: Revenge,none,none,3.9,438,ANIME,https://www3.animeflv.net/uploads/animes/covers/2423.jpg,FINALIZADO,2069,Acción|Ciencia Ficción|Drama|Espacial|Seinen|Terror,Terra Formars (Precuela),13.0,"Con la Tierra cada vez más sobrepoblada, se pone en marcha un plan para terraformar Marte usando moho y cucarachas. Cerca de 500 años después de lanzar el plan, una misión a Marte, es enviada para ver los resultados del proyecto y para descubrir más sobre el extraño virus marciano que asola la Tierra. Todos los partícipes de la misión han recibido ADN de varias formas de vida en la Tierra para defenderse en Marte, puesto que las cucarachas en 500 años han evolucionado hasta convertirse en criaturas humanoides gigantes conocidas como ""Terraformars"". ¡Llega la secuela de la serie que continúa con la historia!",16,0,36,12,17,6,87
Gakusen Toshi Asterisk 2nd Season,none,none,4.7,1201,ANIME,https://www3.animeflv.net/uploads/animes/covers/2425.jpg,FINALIZADO,10488,Ciencia Ficción|Comedia|Ecchi|Escolares|Fantasía|Harem|Romance|Sobrenatural,Gakusen Toshi Asterisk (Precuela),12.0,"Invertia, la catástrife astral que aniquiló muchas ciudades en el siglo XX, supuso también el nacimiento de una nueva raza de humanos con habilidades especiales: los Genestella. Al mismo tiempo, se encontró un elemento especial en el interior del meteoro, ""maná"", que ayudó a que la humanidad diera un salto tecnológico. En Rikka, la ciudad académica sobre el agua, el ""Asterisk"" como muchos la llaman, estudiantes de seis escuelas se preparan para un torneo que se celebra anualmente y que enfrenta a los mejores estudiantes. Ayato Amagiri, de la Academia Seidoukan, se enfrentará al reto acompañado de Julis, la Bruja de las Llamas Resplandecientes.",52,5,297,4,1,4,363
"Gyakuten Saiban: Sono ""Shinjitsu,"" Igiari!",none,none,4.5,177,ANIME,https://www3.animeflv.net/uploads/animes/covers/2424.jpg,FINALIZADO,2175,Comedia|Drama|Misterio|Policía,"Gyakuten Saiban: Sono ""Shinjitsu"", Igi Ari! Season 2 (Secuela)",24.0,"Franquicia de videojuegos perteneciente al género de la aventura conversacional y novela gráfica desarrollada por Capcom, conocida en Japón como Gyakuten Saiban, la cual tiene numerosos juegos, novelas y adaptaciones al manga, ademas de una película con actores reales e incluso ha sido adaptado a un musical. También ha participado en numerosos crossover. Como letrado los esperan asesinatos, investigaciones y juicios a los que deberán enfrentar para descubrir la verdad.",13,2,23,1,1,0,40
Aggressive Retsuko,アグレッシブ烈子,Aggretsuko,4.6,369,ANIME,https://www3.animeflv.net/uploads/animes/covers/3102.jpg,FINALIZADO,1666,Comedia|Música|Recuentos de la vida,,11.0,"Retsuko es una panda roja antropomórfica de 25 años, soltera, Sangre tipo “A”, quien trabaja en el departamento de contabilidad de una compañía comercial japonesa. Retsuko sufre la constante frustración cotidiana por sus avasalladores superiores y sus desagradables compañeros de trabajo. Por ello, desahoga sus emociones en el bar de karaoke todas las noches, donde canta death metal. Después de cinco años de rutina diaria de trabajo, la relación con sus compañeros de trabajo comienza a cambiar, lo que modificará su vida para mejor... o para peor.",21,13,91,1,3,1,130
Uchuu Patrol Luluco,none,none,4.6,115,ANIME,https://www3.animeflv.net/uploads/animes/covers/2418.jpg,FINALIZADO,701,Acción|Aventuras|Comedia|Espacial,,13.0,,8,1,17,1,1,1,29
Mayoiga,none,none,4.1,396,ANIME,https://www3.animeflv.net/uploads/animes/covers/2421.jpg,FINALIZADO,2540,Drama|Misterio|Psicológico|Terror,,12.0,"Treinta jóvenes hombres y mujeres reunidos en un sospechoso autobús turístico. ¿Su destino? La elusiva y posiblemente imaginaria aldea de Nanakimura, un lugar del que se dice que en él se puede llevar una existencia utópica, libre de los obstáculos que impone el mundo… O eso dicen los rumores, la leyenda urbana. “Desesperados por el mundo real… deseosos de escapar de su tediosa vida diaria… queriendo comenzar sus vidas de cero…” El autobús se adentra en las montañas cargado con treinta personas, cada una de ellas con sus propias expectativas y sus propias heridas en el corazón… Y así, el lugar al que llegan los treinta es una aldea deshabitada en la que se siente el tenue aroma de la vida, pese a su notable estado de abandono. ¿Cuál es la verdad que Nanakimura esconde a estas treinta personas?",40,3,54,3,3,5,108
Ushio to Tora (TV) 2nd Season,none,none,4.8,522,ANIME,https://www3.animeflv.net/uploads/animes/covers/2420.jpg,FINALIZADO,2298,Comedia|Demonios|Shounen|Sobrenatural,Ushio to Tora (TV) (Precuela),13.0,Segunda temporada de Ushio to Tora,18,0,60,1,1,5,85
Kagewani: Shou,none,none,4.0,51,ANIME,https://www3.animeflv.net/uploads/animes/covers/2419.jpg,FINALIZADO,363,Misterio|Sobrenatural|Suspenso|Terror,Kagewani (Precuela),13.0,,11,0,11,2,2,1,27
Brotherhood: Final Fantasy XV,none,none,4.5,106,OVA,https://www3.animeflv.net/uploads/animes/covers/2417.jpg,FINALIZADO,1365,Acción,,5.0,,29,1,54,5,1,2,92
Bakuon!! Ova,none,none,4.5,55,OVA,https://www3.animeflv.net/uploads/animes/covers/2416.jpg,FINALIZADO,267,Carreras|Deportes|Recuentos de la vida|Seinen,,1.0,Ova incluida en el séptimo volumen del manga.,11,2,29,0,2,0,44
PriPara Movie: Mi~nna no Akogare♪ Let's Go☆Prix Paris,none,none,4.1,22,PELÍCULA,https://www3.animeflv.net/uploads/animes/covers/2619.jpg,FINALIZADO,96,Escolares|Música|Recuentos de la vida|Shoujo,,1.0,,2,1,22,0,1,1,27
Kanojo to Kanojo no Neko: Everything Flows,none,none,4.7,538,ANIME,https://www3.animeflv.net/uploads/animes/covers/2414.jpg,FINALIZADO,3772,Psicológico|Recuentos de la vida|Romance,,4.0,,43,5,253,5,4,103,413
Shin Gekijouban Initial D: Legend 3 - Mugen,none,none,4.6,75,PELÍCULA,https://www3.animeflv.net/uploads/animes/covers/2616.jpg,FINALIZADO,365,Carreras|Deportes|Seinen,Shin Gekijouban Initial D: Legend 2 - Tousou (Precuela),1.0,,16,3,38,2,0,1,60
"Kono Danshi, Mahou ga Oshigoto Desu.",none,none,4.3,185,ANIME,https://www3.animeflv.net/uploads/animes/covers/2412.jpg,FINALIZADO,1150,Fantasía|Magia|Yaoi,"Kono Danshi, Sekka ni Nayandemasu (Historia Paralela)",4.0,,11,1,162,2,2,2,180
Noblesse: Awakening,none,none,4.7,292,OVA,https://www3.animeflv.net/uploads/animes/covers/2411.jpg,FINALIZADO,2559,Acción|Escolares|Sobrenatural|Vampiros,Noblesse: Pamyeol-ui Sijak (Precuela),0.0,,129,14,445,18,7,12,625
Queen's Blade: Grimoire,none,none,4.4,47,OVA,https://www3.animeflv.net/uploads/animes/covers/2415.jpg,FINALIZADO,580,Acción|Aventuras|Ecchi|Fantasía,,2.0,"La historia se desarrolla después de que finalice el campeonato de la campeona errante Leina. Alicia, maga de la corte real, utiliza magia negra y abre un pasaje a otra dimensión. Desde esa puerta un conejo atrae a Alicia hasta otra dimensión llamada Melfairland, donde se celebra un torneo para premiar a una Queen’s Blade, y Alicia decide participar para encontrar la forma de volver a su mundo.",9,2,15,0,1,0,27
Ajin,none,none,4.6,622,ANIME,https://www3.animeflv.net/uploads/animes/covers/2382.jpg,FINALIZADO,6893,Acción|Misterio|Seinen|Sobrenatural|Terror,Ajin 2nd Season (Secuela),13.0,"Los subhumanos no pueden morir. Aparecieron por primera vez en Africa durante un conflicto bélico, hace diecisete años. A partir de entonces, más especímenes han ido apareciendo en la sociedad humana y, para fines experimentales, el gobierno recompensará generosamente a cualquiera que capture uno. Ajeno a ello, un estudiante de bachillerato se dispone a comenzar sus vacaciones de verano, incapaz de pensar que su vida está a punto de tomar un giro inesperado.",41,2,129,1,7,0,180
Kono Subarashii Sekai ni Shukufuku wo!,Konosuba,none,4.7,4318,ANIME,https://www3.animeflv.net/uploads/animes/covers/2381.jpg,FINALIZADO,42162,Aventuras|Comedia|Fantasía|Sobrenatural,Kono Subarashii Sekai ni Shukufuku wo! 2 (Secuela),11.0,"Esta popular comedia de mundos alternativos gira en torno a Kazuma Satou, un hikkikomori fan a muerte de los videojuegos, el anime y el manga. Un accidente de tráfico pone fin a su vida… o eso debería haber pasado, pero se despierta con una preciosa chica al lado que se presenta diciendo que es una diosa. La chica le dice “Tengo buenas noticias. ¿Te gustaría ir a un mundo alternativo? Puedes llevarte sólo una cosa que te guste” y él le contesta “Entonces, te llevaré a ti”. Con eso, es teletransportado a otro mundo en el que comienza su gran aventura sometiéndose a un rey demonio… aunque antes de eso tiene que trabajar duro para costearse la comida, la ropa y la vivienda. Kazuma quiere vivir en paz, pero la diosa le crea un problema tras otro, y entonces el ejército del rey demonio se fija en él.",381,624,2281,27,41,30,3384
Ao no Kanata no Four Rhythm,none,none,4.6,265,ANIME,https://www3.animeflv.net/uploads/animes/covers/2380.jpg,FINALIZADO,2290,Ciencia Ficción|Deportes|Drama|Escolares,,12.0,"La invención de los Grav-Shoes, unos zapatos especiales que en realidad son dispositivos antigravitacionales, cambia drásticamente el mundo al proporcionar a las personas la capacidad de surcar libremente los cielos. Asuka Kurashina se transfiere a la preparatoria Kunahama, donde conoce a Masaya Hinata y Misaki Tobisawa, quienes le hablan del deporte aéreo de moda: el Flying Circus, o FC para abreviar. Fascinada por este deporte, Asuka se une de inmediato al club de FC de la escuela. Ella y sus compañeras en ocasiones viven momentos de tensión, pero también se apoyan unas a otras en la persecución de sus respectivos objetivos mientras se baten en duelo contra formidables rivales para poder triunfar en el torneo de verano de FC.",13,2,41,1,5,2,64
Akagami no Shirayuki-hime 2nd Season,none,none,4.7,770,ANIME,https://www3.animeflv.net/uploads/animes/covers/2379.jpg,FINALIZADO,6018,Drama|Fantasía|Romance|Shoujo,"Akagami no Shirayuki-hime: Nandemonai Takaramono, Kono Page (Historia Principal)|Akagami no Shirayuki-hime (Precuela)",12.0,Segunda temporada de Akagami no Shirayuki-hime,24,5,407,3,5,0,444
Mahou Shoujo Nante Mou Ii Desukara.,none,none,4.0,45,ANIME,https://www3.animeflv.net/uploads/animes/covers/2397.jpg,FINALIZADO,359,Comedia|Magia,Mahou Shoujo Nante Mou Ii Desukara. 2nd Season (Secuela),12.0,"cualquier cosa. Un día, Yuzuka es acosada por una extraña criatura llamada Miton, que se encontraba merodeando un vertedero. Miton le dice “tienes madera para ser una chica mágica” en un tono sospechoso. De repente, Yuzuka es convertida en una magical girl con traje de baño.",2,1,4,1,0,1,9
https://www3.animeflv.net/anime/yami-shibai-3rd-season,none,none,0,0,none,none,404 not found,0,,,0.0,none,0,0,0,0,0,0,0
Hai to Gensou no Grimgar,none,none,4.7,1716,ANIME,https://www3.animeflv.net/uploads/animes/covers/2376.jpg,FINALIZADO,11856,Acción|Aventuras|Drama|Fantasía,,12.0,"ivir, no es fácil. Cuando Haruhito despierta, todo está oscuro. No sabe dónde está, porque está aquí y de dónde viene. A su alrededor hay muchos y muchas como él. Juntos avanzan hasta un mundo conocido como “Grimgar”. Recuerdos, dinero, poderes especiales. Esta es la realidad, somos nosotros los que nunca obtendremos estas cosas.",90,10,292,17,6,8,423
Saijaku Muhai no Bahamut,none,none,4.6,1381,ANIME,https://www3.animeflv.net/uploads/animes/covers/2378.jpg,FINALIZADO,16780,Acción|Ecchi|Escolares|Fantasía|Harem|Mecha|Romance|Sobrenatural,,12.0,"La historia gira en torno a Lux, el ya-no-príncipe de un imperio llamado Arcadia que fue derrocado por una rebelión cinco años antes. Accidentalmente Lux se mete en la zona de baños de un dormitorio femenino, ve a la nueva princesa del imperio desnuda, y desata su ira. La muchacha, llamada Lisesharte, reta a Lux a un duelo con Drag-Ride, unas antiguas armas mecánicas blindadas que se han rescatado desde las ruinas de lugares de todo el mundo. Lux solía ser conocido como el Drag-Knight más fuerte, aunque ahora es el “invicto más débil” porque nunca atacaría en la batalla. Después del duelo con Lisesharte, Lux termina asistiendo a una academia femenina que entrena a miembros de la realeza para ser Drag-Knights.",133,32,557,14,7,1,744
Schwarzesmarken,none,none,4.5,250,ANIME,https://www3.animeflv.net/uploads/animes/covers/2377.jpg,FINALIZADO,2395,Acción|Ciencia Ficción|Drama|Historico|Mecha|Militar,(Historia Paralela),12.0,"Schwarzesmarken es un spin-off de la serie Muv-Luv Alternative, pero los eventos toman lugar en 1983. El Escuadrón de TSF 666 del Ejército Occidental Alemán ""Schwarzesmarken"" (Marcas Negras) son una unidad de fuerzas especiales encargadas con la misión de atacar a las fuerzas BETA por medios poco convencionales, Sus órdenes siempre tienen la máxima prioridad, por lo cual acostumbran a ignorar los pedidos de ayuda de las unidades aliadas que podrían desviarlos de su misión principal, aunque sea por un momento.",14,0,37,4,2,2,59
Nijiiro Days,none,none,4.5,635,ANIME,https://www3.animeflv.net/uploads/animes/covers/2394.jpg,FINALIZADO,5605,Comedia|Escolares|Recuentos de la vida|Romance|Shoujo,,24.0,,34,7,161,7,6,0,215
Koyomimonogatari,none,none,4.5,371,ANIME,https://www3.animeflv.net/uploads/animes/covers/2395.jpg,FINALIZADO,3088,Comedia|Misterio|Sobrenatural,Bakemonogatari (Historia Principal)|Nisemonogatari (Historia Principal)|Monogatari Series: Second Season (Historia Principal),12.0,"Cuenta 12 historias cortas que narran doce meses en la vida de Koyomi Araragi, quien comienza un nuevo semestre después de un encuentro entre el protagonista y una vampiresa durante las vacaciones de verano, y que finalizará con sus exámenes para acceder a la universidad.",16,2,54,2,1,0,75
Dimension W,none,none,4.7,520,ANIME,https://www3.animeflv.net/uploads/animes/covers/2375.jpg,FINALIZADO,4226,Acción|Ciencia Ficción|Seinen,,13.0,"En el año 2071, los problemas energéticos parecen haberse resuelto gracias a una red interdimensional de inductores -las “bobinas”- que extraen energía de una fuente aparentemente infinita. Esta fuente es la Dimension W, un cuarto plano que existe más allá de las dimensiones X, Y y Z. En este mundo, bobinas “ilegales” ofrecen poderes que la policía quiere contrarrestar. Enfrentarse a estas bobinas es el trabajo del anti-bobinas Kyouma, cuyo encuentro con la bobina android Mira lleva a ambos a formar una asociación reacia.",20,2,33,2,0,0,57
Ooyasan wa Shishunki!,none,none,4.7,75,ANIME,https://www3.animeflv.net/uploads/animes/covers/2393.jpg,FINALIZADO,775,Comedia|Recuentos de la vida,,12.0,,5,0,19,1,1,1,27
Nurse Witch Komugi-chan R,none,none,4.3,19,ANIME,https://www3.animeflv.net/uploads/animes/covers/2374.jpg,FINALIZADO,220,Comedia|Magia|Parodia,Nurse Witch Komugi-chan Magikarte (Historia Paralela),12.0,"Basado en Nurse Witch Komugi-chan Magi Karte, el spinoff en forma de OVA producido por Tatsunoko Production entre 2002 y 2005, esta obra contiene nuevos personajes, diseños y seiyuus. Komugi Yoshida es una chica de segundo de secundaria un poco patosa pero con mucho ánimo. Es una idol al igual que Kokona Saionji, su buena amiga y compañera de clase, y Tsubasa Kisaragai, otra idol que viste de hombre. Sin embargo, al contrario que Kokona y su enorme popularidad en aumento, o Tsubasa con su carisma debido a su forma de vestir, Komugi tiene un escaso éxito digno de una tienda de distrito. A pesar de ello, Komugi sigue empeñada en conseguir su “sueño ” de tener una doble vida: idol y estudiante de secundaria. Un día, una misteriosa criatura herida llamada Usa-P aparece delante de Komugi. La joven decide curarla y Usa-P, como agradecimiento, le pregunta si quiere convertirse en una chica legendaria con la capacidad de usar poderes mágicos",4,0,7,0,1,0,12
Bubuki Buranki,none,none,4.4,192,ANIME,https://www3.animeflv.net/uploads/animes/covers/2372.jpg,FINALIZADO,1084,Acción|Ciencia Ficción|Drama|Mecha,Bubuki Buranki: Hoshi no Kyojin (Secuela),12.0,"Azuma Akira regresa a Japón tras haber estado fuera diez años solo para que un grupo de extraños armados le ataquen y lo capturen. Sin embargo, una amiga de su infancia, Ogon Asabuki, lo salva gracias al Bubuki que se ha convertido en su mano derecha.",9,1,4,0,0,0,14
Durarara!!x2 Ketsu,none,none,4.7,378,ANIME,https://www3.animeflv.net/uploads/animes/covers/2373.jpg,FINALIZADO,2096,Acción|Misterio|Sobrenatural,Durarara!!x2 Ten (Precuela),12.0,Tercera parte de la segunda temporada de Durarara!!,8,2,65,1,0,1,77
Luck & Logic,none,none,4.4,164,ANIME,https://www3.animeflv.net/uploads/animes/covers/2355.jpg,FINALIZADO,2483,Acción|Fantasía,Hina Logi: From Luck & Logic (Secuela),12.0,"En un futuro lejano, la humanidad se enfrenta a una crisis sin precedentes. En Tetra Heaven, la tierra de leyenda, se conoce la paz después de más de un siglo de guerra. Los dioses que perdieron la batalla buscaron un nuevo lugar donde vivir, y lo encontraron en Septpia, el mundo humano, al que deciden atacar. Los Logicalists que forman parte de ALCA, una agencia policial especial cuya tarea es la de proteger la ciudad de la invasión de los extranjeros, se vieron forzados a defender las ciudades. Dependiendo de su capacidad, los Logicalists pueden entrar en fase Trance con las deidades del otro mundo, obteniendo así la oportunidad de luchar en el campo de batalla. Yoshichika Tsurugi es un joven normal y corriente que, tras encontrarse con la diosa Athena después de un ataque enemigo, ve cómo su vida cambia por completo.",14,1,31,0,0,0,46
Reikenzan: Hoshikuzu-tachi no Utage,none,none,4.6,259,ANIME,https://www3.animeflv.net/uploads/animes/covers/2368.jpg,FINALIZADO,3146,Comedia|Fantasía|Magia,Reikenzan: Eichi e no Shikaku (Secuela),12.0,"En la historia del anime, un cometa traerá consigo una gran calamidad y, con el fin de elegir a un niño predestinado por él, la familia del clan “Reiken”, que tiene una larga historia, pone en marcha de nuevo exámenes para elegir discípulos. El protagonista, que posee un alma especial que sólo se manifiesta cada mil años, decide hacer el examen y comienza el camino hacia convertirse en un sabio excepcional.",27,2,39,2,1,0,71
King of Prism by Pretty Rhythm,none,none,4.1,60,PELÍCULA,https://www3.animeflv.net/uploads/animes/covers/2525.jpg,FINALIZADO,349,Deportes|Música|Shoujo,Pretty Rhythm: Rainbow Live (Historia Completa),1.0,"Franquicia audiovisual de Takara Tomy que ha pasado de los arcades al mundo de la animación. Las protagonistas suelen ser aspirantes a idols que compiten en los “Prism Show”, una competición que combina patinaje, baile, canciones y moda.",3,1,27,0,2,0,33
"Gate: Jieitai Kanochi nite, Kaku Tatakaeri - Enryuu-hen",none,none,4.8,1598,ANIME,https://www3.animeflv.net/uploads/animes/covers/2370.jpg,FINALIZADO,8064,Acción|Aventuras|Fantasía|Militar,"Gate: Jieitai Kanochi nite, Kaku Tatakaeri (Precuela)",12.0,"Segunda parte de Gate: Jieitai Kanochi nite, Kaku Tatakaeri",70,8,394,3,2,3,480
Shouwa Genroku Rakugo Shinjuu,none,none,4.5,191,ANIME,https://www3.animeflv.net/uploads/animes/covers/2390.jpg,FINALIZADO,1111,Drama|Historico|Josei,Shouwa Genroku Rakugo Shinjuu: Sukeroku Futatabi-hen (Secuela),13.0,"Cuando un hombre sale de la cárcel, sabe exactamente dónde dirigirse en primer lugar. Tras enamorarse con la interpretación de un narrador cómic tradicional de la historia llamada “Shinigami”, el protagonista está decidido a convertirse en su aprendiz. El intérprete, Yakumo, que nunca ha tomado un aprendiz antes acepta al ex prisionero, y le apoda “Yotaro”. Yotaro comienza su nueva vida felizmente, conoce a los demás en la vida de Yakumo, incluyendo a Konatsu. Konatsu es la hija de un famoso narrador que acogió Yakumo tras la trágica muerte de su padre. A Konatsu le encanta contar historias de su padre, y le encantaría llegar a ser una artista en su propio derecho, pero ese camino no está disponible para las mujeres.",6,1,24,2,0,0,33
Glass no Hana to Kowasu Sekai,none,none,4.3,89,PELÍCULA,https://www3.animeflv.net/uploads/animes/covers/2405.jpg,FINALIZADO,794,Ciencia Ficción,,1.0,"Un espacio flotando sin gravedad donde un infinito número de luces de diferentes colores brillan: la “Caja de la Sabiduría”. Dentro de esta caja hay múltiples mundos, múltiples líneas temporales, y solía haber muchos tipos de personas. Aquí es donde Dual y Dorothy estaban luchando contra unos enemigos llamados “Virus”. Los mundos afectados por estos virus tienen que desaparecer. Esta es la misión, el trabajo de las chicas. Sin embargo, un día, Dual y Dorothy sienten la presencia de un nuevo Virus. Llegando a su localización, ven a una chica siendo atacada por ellos. Después de salvarla, el dúo espera a que se despierte para preguntarle quién es, de dónde viene y a dónde va. Finalmente, cuando la chica abre sus ojos, les dice su nombre, Rimo, y susurra una única frase “Debo volver a la parcela de las flores…”",24,2,25,5,0,7,63
Divine Gate,none,none,4.1,252,ANIME,https://www3.animeflv.net/uploads/animes/covers/2366.jpg,FINALIZADO,2754,Acción|Ciencia Ficción|Fantasía,,12.0,El juego es un RPG gratuito en el que los jugadores van explorando mazmorras y resolviendo puzzles para desbloquear paneles y encontrar tesoros o monstruos.,22,3,41,4,6,3,79
Kizumonogatari I: Tekketsu-hen,none,none,4.3,748,PELÍCULA,https://www3.animeflv.net/uploads/animes/covers/2533.jpg,FINALIZADO,4626,Misterio|Sobrenatural|Vampiros,Kizumonogatari II: Nekketsu-hen (Secuela),1.0,,50,3,198,9,6,3,269
Phantasy Star Online 2 The Animation,none,none,4.2,225,ANIME,https://www3.animeflv.net/uploads/animes/covers/2364.jpg,FINALIZADO,3456,Acción|Ciencia Ficción|Escolares|Juegos,Phantasy Star Online 2: Episode Oracle (Precuela),12.0,,7,0,28,3,1,0,39
Dagashi Kashi,none,none,4.5,693,ANIME,https://www3.animeflv.net/uploads/animes/covers/2365.jpg,FINALIZADO,11614,Comedia|Recuentos de la vida|Shounen,Dagashi Kashi 2 (Secuela),12.0,"La historia de esta obra nos pone en la piel de Kokonotsu, un joven que no quiere heredar la tienda rural de caramelos de sus padres. Una chica llamada Hotaru, obsesionada con este tipo de tiendas, aparece y le insiste en quedarse con la tienda.",41,29,191,8,1,5,275
Boku dake ga Inai Machi,none,none,4.8,4348,ANIME,https://www3.animeflv.net/uploads/animes/covers/2362.jpg,FINALIZADO,16878,Misterio|Psicológico|Seinen|Sobrenatural,,12.0,"""Boku dake ga Inai Machi"" es una serie de ciencia ficción que cuenta la historia de Satory Fujinuma, un autor de manga sin mucho éxito que sufre de un peculiar fenómeno conocido como Resucitación en el cual se transporta a la fuerza atrás en el tiempo hasta el momento anterior de que ocurra algo que supone un peligro para una vida. Satoru no tarda en descubrir que el fenómeno persiste hasta que la causa de la amenaza desaparece.",126,16,896,32,22,87,1179
Koukaku no Pandora,none,none,4.5,124,ANIME,https://www3.animeflv.net/uploads/animes/covers/2367.jpg,FINALIZADO,938,Acción|Ciencia Ficción|Comedia|Ecchi,,12.0,"En una época en la que ocurren desastres naturales a gran escala frecuentemente en todo el mundo, donde cyborgs y robots autónomos comienzan a aparecer en el mercado de países tecnológicamente avanzados y donde las principales potencias del mundo compiten por tecnología y recursos, la brecha entre los ricos y los pobres crece y el futuro para estos últimos parece sombrío. En este escenario de transición, nadie parece ver una salida a su situación… Esta es la historia de cómo dos niñas cibernéticamente mejoradas se conocen. Sus nombres son Nene y Clarion.",12,0,17,2,1,0,32
Ojisan to Marshmallow,none,none,4.6,123,ANIME,https://www3.animeflv.net/uploads/animes/covers/2386.jpg,FINALIZADO,1228,Comedia|Recuentos de la vida,,13.0,,9,8,45,0,1,0,63
Oshiete! Galko-chan,none,none,4.6,310,ANIME,https://www3.animeflv.net/uploads/animes/covers/2387.jpg,FINALIZADO,4299,Comedia|Escolares|Recuentos de la vida,,12.0,,32,14,132,3,1,1,183
Sekkou Boys,none,none,3.8,41,ANIME,https://www3.animeflv.net/uploads/animes/covers/2388.jpg,FINALIZADO,201,Comedia|Música,,12.0,,4,3,8,1,0,1,17
Tabi Machi Late Show,none,none,3.9,19,ANIME,https://www3.animeflv.net/uploads/animes/covers/2389.jpg,FINALIZADO,73,Drama,,4.0,,8,0,4,0,0,0,12
Ansatsu Kyoushitsu (TV) 2nd Season,none,none,4.8,2681,ANIME,https://www3.animeflv.net/uploads/animes/covers/2363.jpg,FINALIZADO,15760,Acción|Comedia|Escolares|Shounen,Ansatsu Kyoushitsu (TV) (Precuela),25.0,Segunda temporada de Ansatsu Kyoushitsu.,80,30,971,9,3,173,1266
Musaigen no Phantom World,none,none,4.6,1142,ANIME,https://www3.animeflv.net/uploads/animes/covers/2357.jpg,FINALIZADO,15961,Acción|Comedia|Fantasía|Recuentos de la vida|Sobrenatural,,14.0,"La historia nos traslada a un futuro cercano en el que espíritus y monstruos son algo común. Un chico llamado Haruhiko Ichijou lidera un grupo de adolescentes con habilidades especiales que se enfrentarán a una enorme organización que saca ventaja de cierto incidente y, con el tiempo, eso les llevará a descubrir la verdad que oculta su propio mundo.",80,11,370,9,1,2,473
Haruchika: Haruta to Chika wa Seishun Suru,none,none,4.1,124,ANIME,https://www3.animeflv.net/uploads/animes/covers/2358.jpg,FINALIZADO,1382,Escolares|Misterio|Recuentos de la vida|Romance,,12.0,"La historia gira en torno a dos estudiantes, Haruta y Chika, que forman parte de un club de instrumentos de viento que está a punto de disolverse. Son amigos de la infancia y se pasan los días practicando con esfuerzo y al mismo tiempo intentando encontrar a nuevos miembros. Sin embargo, cuando cierto incidente ocurre en su instituto, trabajarán juntos para resolverlo.",17,1,21,6,9,2,56
Active Raid: Kidou Kyoushuushitsu Dai Hakkei,none,none,4.4,84,ANIME,https://www3.animeflv.net/uploads/animes/covers/2360.jpg,FINALIZADO,980,Ciencia Ficción|Comedia|Mecha|Policía,Active Raid: Kidou Kyoushuushitsu Dai Hachi Gakari 2nd (Secuela),12.0,"Situada en una zona de Tokio que ahora es un atolladero, la historia gira en torno a la Unidad 8 de la Quinta Sección de Seguridad Pública Especial de la Tercera Unidad Móvil de Asalto (más conocida como “La Octava”), que posee unas armaduras impulsadas por exoesqueletos llamadas “Willware” para contrarrestar el aumento de crímenes.",11,3,10,1,1,1,27
Shoujo-tachi wa Kouya wo Mezasu,none,none,4.4,307,ANIME,https://www3.animeflv.net/uploads/animes/covers/2361.jpg,FINALIZADO,4440,Escolares,,13.0,"Buntaro es un estudiante que quiere ser algo, pero no consigue decidirse por qué. Un día una compañera de clase llamada Sayuki anuncia que va a trabajar en un juego bishojo, y quiere que Buntaro se una a su equipo porque escribió en su momento un buen guión para el club de teatro. El principal problema es que Buntaro no tiene ni idea de juegos bishojo.",30,1,49,4,0,0,84
Norn9: Norn+Nonet,none,none,4.5,247,ANIME,https://www3.animeflv.net/uploads/animes/covers/2359.jpg,FINALIZADO,2747,Aventuras|Fantasía|Josei|Romance,,12.0,"Durante un viaje escolar, el niño prodigio Sorata Suzuhara se aleja de sus compañeros al escuchar una misteriosa canción y se desmaya. Cuando se despierta, se encuentra en un sitio desconocido y se topa con una chica que le dice que está en el Japón de inicios de siglo. Para ayudarle a volver a casa, Sorata la sigue hasta un barco que está esperando y cuando aparece, Sorata se da cuenta de que no es un simple barco de madera, sino que es una nave voladora que tiene una tecnología que va más allá de lo que Sorata podría imaginar. Pero lo más extraño es que allí hay otros 12 pasajeros, 3 mujeres jóvenes y 9 hombres, que se supone que son espers que tienen poderes especiales, y están en una especie de viaje por petición de una multinacional conocida como El Mundo.",19,1,111,2,2,2,137
"Akagami no Shirayuki-hime: Nandemonai Takaramono, Kono Page",none,none,4.7,396,OVA,https://www3.animeflv.net/uploads/animes/covers/2385.jpg,FINALIZADO,3099,Drama|Fantasía|Romance|Shoujo,Akagami no Shirayuki-hime 2nd Season (Historia Paralela),1.0,,30,5,339,5,0,2,381
Prince of Stride: Alternative,none,none,4.6,235,ANIME,https://www3.animeflv.net/uploads/animes/covers/2356.jpg,FINALIZADO,1749,Deportes,,12.0,"El juego original tiene por protagonista a Nana Sakurai, una chica que desarrolla interés por un deporte llamado “Stride”, el cual consiste en enfrentar a equipos de seis personas corriendo a través del pueblo. Nana se interesa por el deporte al ver un encuentro en el que participa el Instituto Hounan, con lo que decide asistir a dicho instituto para unirse al equipo de Stride. Allí Nana conocerá a un grupo de chicos enamorados de dicho deporte. Mientras Nana aprende a ser la “Relationer” del equipo, la líder, tendrá que trabajar junto a sus compañeros para cumplir su objetivo: Ganar el torneo “End of Summer” de Japón.",13,1,58,1,0,0,73
"Tokyo Ghoul: ""Pinto""",none,none,4.6,557,OVA,https://www3.animeflv.net/uploads/animes/covers/2342.jpg,FINALIZADO,7820,Acción|Drama|Misterio|Psicológico|Sobrenatural|Terror,Tokyo Ghoul √A (Historia Paralela),1.0,,111,24,456,42,14,12,659
Mobile Suit Gundam Thunderbolt,none,none,4.4,119,OVA,https://www3.animeflv.net/uploads/animes/covers/2353.jpg,FINALIZADO,413,Acción|Ciencia Ficción|Drama|Espacial|Mecha|Militar,Mobile Suit Gundam: The Origin (Historia Paralela),4.0,"La historia del manga se desarrolla durante UC 0079, en la Guerra de un Año, al igual que la primera Mobile Suit Gundam, y sigue las batallas entre dos grandes pilotos del Principado de Zeon y la Federación Terrestre en el “Sector Thunderbolt”, una zona repleta de escombros de colonias espaciales y naves de guerra.",3,0,14,0,2,0,19
Aoharu x Kikanjuu Special,none,none,4.6,120,OVA,https://www3.animeflv.net/uploads/animes/covers/2343.jpg,FINALIZADO,900,Acción|Comedia|Shounen,Aoharu x Kikanjuu (Precuela),1.0,Episodio 13 de Aoharu x Kikanjuu.,8,3,76,1,1,1,90
Momokuri,none,none,4.7,513,OVA,https://www3.animeflv.net/uploads/animes/covers/2524.jpg,FINALIZADO,4246,Comedia|Recuentos de la vida|Romance,,13.0,"""Quiero saberlo todo sobre la persona a la que amo"". Yuki Kurihara es una estudiante de segundo de preparatoria que se enamora de Shinya Momotsuki, un año menor que ella. Tras tomar cientos de fotografías a escondidas de él desde la distancia, decide decirle que está enamorada de él. El chico le responde con un ""sí"" y ambos comienzan a salir, aunque ella sigue tomando fotografías de todo y comportándose de forma un tanto extraña... Una relajante comedia romántica entre dos personas que no saben cómo demostrar sus sentimientos.",33,5,225,4,2,0,269
One Punch Man Specials,none,none,4.6,775,OVA,https://www3.animeflv.net/uploads/animes/covers/2337.jpg,FINALIZADO,8056,Acción|Ciencia Ficción|Comedia|Parodia|Seinen|Sobrenatural|Superpoderes,One Punch Man (Historia Principal),6.0,"a primera OVA “Shinobiyori Sugiru Kage”, con una duración de 12 minutos, contará una historia completamente original del autor del manga originaL, ONE. La OVA tiene lugar después de la lucha de Saitama con Mosquito Girl y sigue a Genos tratando de averiguar, de forma persistente, el secreto de la fuerza de Saitama. Además, aparece una persona con “cierta razón” para tener rencor a Saitama. La segunda OVA “Hanashibeta-sugiru Deshi” también contará con una nueva historia de ONE. En este capítulo, Geno llega a un acuerdo con la banda de mafiosos de Don Pacino mientras avanzan las negociaciones con Saitama.",119,77,577,14,3,6,796
One Piece: Adventure of Nebulandia,none,none,4.3,133,OVA,https://www3.animeflv.net/uploads/animes/covers/2335.jpg,FINALIZADO,740,Acción|Aventuras|Comedia|Fantasía|Shounen|Superpoderes,,1.0,,31,19,158,4,17,5,234
Valkyrie Drive: Mermaid Specials,none,none,4.4,194,OVA,https://www3.animeflv.net/uploads/animes/covers/2339.jpg,FINALIZADO,1583,Acción|Ecchi|Fantasía|Yuri,Valkyrie Drive: Mermaid (Historia Principal),5.0,Ovas incluidas en el Blu-ray y DVD de Valkyrie Drive: Mermaid,21,5,142,3,13,4,188
Hibike! Euphonium: Kakedasu Monaka,none,none,4.7,115,OVA,https://www3.animeflv.net/uploads/animes/covers/2336.jpg,FINALIZADO,669,Drama|Escolares|Música,Hibike! Euphonium (Precuela),1.0,,8,1,37,3,1,0,50
High School DxD BorN: Yomigaerarenai Pheonix,none,none,4.6,548,OVA,https://www3.animeflv.net/uploads/animes/covers/2333.jpg,FINALIZADO,5826,Acción|Comedia|Demonios|Ecchi|Escolares|Harem|Romance,High School DxD BorN (Precuela),1.0,,57,17,285,3,8,8,378
Bikini Warriors Special,none,none,4.1,122,OVA,https://www3.animeflv.net/uploads/animes/covers/2338.jpg,FINALIZADO,1106,Comedia|Ecchi|Fantasía|Parodia|Yuri,Bikini Warriors (Precuela),3.0,Un episodio que no salio al aire de Bikini Warriors se incluyo en el Bluray.,29,16,119,25,11,2,202
Major 2,none,none,4.6,136,ANIME,https://www3.animeflv.net/uploads/animes/covers/1651.jpg,FINALIZADO,436,Deportes|Shounen,Major 3 (Secuela)|Gekijouban Major: Yuujou no Winning Shot (Precuela)|Major (Precuela),26.0,"Goro esta de vuelta, y justo a tiempo para revivir el equipo de béisbol de la Secundaria del Este Mifune! Despues de cuatro años, nadie podría estar mas feliz de verlo que sus viejos amigos Komori, Sawamura y Shimizu, pero habiendo crecido y tras haber tomado diferentes caminos, el beisbol ya no es el lazo que solía ser.",8,0,16,1,0,0,25
High☆Speed!: Free! Starting Days,none,none,4.6,324,PELÍCULA,https://www3.animeflv.net/uploads/animes/covers/2542.jpg,FINALIZADO,2920,Deportes|Escolares|Recuentos de la vida,Free! (Precuela),1.0,,27,8,410,2,2,4,453
Noblesse: Pamyeol-ui Sijak,none,none,4.7,243,OVA,https://www3.animeflv.net/uploads/animes/covers/2474.jpg,FINALIZADO,2631,Acción|Aventuras|Sobrenatural,Noblesse: Awakening (Secuela),1.0,,82,7,318,13,7,16,443
One Punch Man: Road to Hero,none,none,4.6,714,OVA,https://www3.animeflv.net/uploads/animes/covers/2332.jpg,FINALIZADO,6859,Acción|Ciencia Ficción|Comedia|Parodia|Seinen|Sobrenatural|Superpoderes,One Punch Man (Historia Principal),1.0,,198,83,652,27,20,10,990
Steins;Gate: Kyoukaimenjou no Missing Link - Divide By Zero,none,none,4.7,412,OVA,https://www3.animeflv.net/uploads/animes/covers/2479.jpg,FINALIZADO,2323,Ciencia Ficción|Suspenso,Steins;Gate (Historia Paralela)|Steins;Gate 0 (Secuela),1.0,"Episodio 23 alternativo de Steins;Gate, precuela de Steins;Gate 0",27,1,84,11,2,14,139
Ajin Part 1: Shoudou,none,none,4.4,92,PELÍCULA,https://www3.animeflv.net/uploads/animes/covers/2402.jpg,FINALIZADO,1027,Acción|Misterio|Seinen|Sobrenatural|Terror,Ajin OVA (Historia Paralela),1.0,"Los Ajin son humanos que no pueden morir que aparecieron por primera vez en un campo de batalla en África hace 17 años. Desde entonces, se han ido descubriendo más entre el resto de miembros de la sociedad humana. Al ser tan poco comunes, el gobierno está dispuesto a recompensar generosamente a cualquiera que capture a uno para sus experimentos. En el presente, la vida de un estudiante de instituto normal llamado Kei da un giro de 180 grados cuando después de un accidente mortal descubre ser un Ajin. Con ayuda de su mejor amigo, Kei intentará ocultar al resto lo que es realmente, hasta que un grupo de Ajin lo encuentra y le ofrece unirse a ellos para preparar una ofensiva contra la humanidad.",23,1,31,2,2,0,59
Strike the Blood: Valkyria no Oukoku-hen,none,none,4.7,362,OVA,https://www3.animeflv.net/uploads/animes/covers/2331.jpg,FINALIZADO,3773,Acción|Ecchi|Escolares|Fantasía|Shounen|Sobrenatural|Vampiros,Strike the Blood (Historia Paralela),2.0,,36,1,179,3,1,1,221
Girls und Panzer der Film,none,none,4.3,251,PELÍCULA,https://www3.animeflv.net/uploads/animes/covers/2476.jpg,FINALIZADO,789,Escolares|Militar,Girls und Panzer (Precuela)|Girls und Panzer der Film: Arisu War! (Secuela),1.0,"Película de la franquicia que cuenta con un guión original. La historia es una secuela de la serie de televisión. Tiempo después del torneo 63 de sensha-dou el ministerio japonés de educación desigue proseguir con el cierre de la preparatoria de chicas Ooari a pesar de su reciente triunfo en el campeonato. Para mantener la escuela abierta, Miho y su equipo deben ganar un encuentro contra una u equipo sensha-dou de una universidad. Para esta difícil batalla, Miho y las demás cuentan con la ayuda de sus amigas de otras escuelas a las cuales enfrentaron anteriormente así como sus nuevas amigas de la academia Chihatan y la preparatoria Keizoku. Juntas unirán fuerzas para salvar a Ooari.",23,2,84,0,0,0,109
